RecipeId,Calories,Protein,Carbohydrates,Fat,Sugar,Fiber,Sodium,Tag_Vietnamese,Tag_Brazilian,Tag_Chinese,Tag_Caribbean,Tag_Mexican,Tag_African,Tag_Italian,Tag_German,Tag_Indian,Tag_Thai,Tag_Japanese,Tag_Korean,Tag_American,Tag_French,Tag_Mediterranean,Tag_MiddleEastern,Tag_Spanish,Tag_Greek,Tag_Turkish,Meal_Main,Meal_Side,Meal_Soup,Meal_Dessert,Meal_Beverage,Diff_Easy,Diff_Medium,Diff_Hard
cfaacccd-b482-4567-b14e-00078a77bffe,260425.75,14780.5,18531,13603.125,7016.25,1250.625,539309,True,False,False,False,False,False,False,False,False,False,False,False,False,False,False,False,False,False,False,True,False,False,False,False,False,True,False
41d26f48-bf15-4647-ac5f-00f87f9becfc,423521,43459.6,14669,21136,4225,1528.4,1583808,True,False,False,False,False,False,False,False,False,False,False,False,False,False,False,False,False,False,False,True,False,False,False,False,False,True,False
a953bb37-b682-4a33-af3c-032267fa6409,205555,8146,24960.5,7985,1874,1065,495140,True,False,False,False,False,False,False,False,False,False,False,False,False,False,False,False,False,False,False,True,False,False,False,False,False,True,False
78e072a7-862d-49b1-8c0c-051e1075021e,210467.12,8387.002,29773.896,6606.6943,1969.6001,2194.537,258836.36,True,False,False,False,False,False,False,False,False,False,False,False,False,False,False,False,False,False,False,True,False,False,False,False,False,True,False
60b5f8e6-6ebe-4a43-a69e-07834088739f,70857.65,5658.56,4203.6,3685.495,2177.09,897.795,451976.6,True,False,False,False,False,False,False,False,False,False,False,False,False,False,False,False,False,False,False,False,False,True,False,False,True,False,False
1cc460db-d971-45c6-abe3-0c68b32961d7,276400,8643,40796.7,10018.6,17720,6084,157137.4,True,False,False,False,False,False,False,False,False,False,False,False,False,False,False,False,False,False,False,False,False,False,True,False,False,True,False
513e48b7-63b7-40fa-bd66-0d69fbc890c7,148733.3,8500.55,16461.05,6950.75,8225.3,5225.8,313972.4,True,False,False,False,False,False,False,False,False,False,False,False,False,False,False,False,False,False,False,True,False,False,False,False,False,True,False
828583d2-59e8-4a38-bf57-0e11f0472252,383265,20496.5,39044.6,16957.7,7673.4,4955.5,418420,True,False,False,False,False,False,False,False,False,False,False,False,False,False,False,False,False,False,False,True,False,False,False,False,False,True,False
544f1a06-b0b3-42ca-a0e0-0f6728bd82c7,288282.5,14549,30541.3,11971.149,6989.2,3540.25,448944,True,False,False,False,False,False,False,False,False,False,False,False,False,False,False,False,False,False,False,True,False,False,False,False,False,True,False
594dfcdc-3d7c-4f42-b960-112bcbd84cd9,123558.75,12989,5014,5345.625,92.75,337.125,572300,False,False,False,False,False,False,False,False,False,False,False,False,False,False,True,False,False,False,False,True,False,False,False,False,True,False,False
9a744eb5-5080-475e-9ad8-128618079ac9,267540,8527.2,46524.8,5100.4,1970,4200,277020,True,False,False,False,False,False,False,False,False,False,False,False,False,False,False,False,False,False,False,True,False,False,False,False,False,True,False
12ba7f97-d951-499b-a69c-139bee4c037d,609210,1992,36804,51464,12268,1905,40677.4,True,False,False,False,False,False,False,False,False,False,False,False,False,False,False,False,False,False,False,False,False,False,True,False,False,True,False
0e91bd05-3430-40a0-9e36-144fa6e34c42,95995,5637.5,12864,2389.5,3750.5,1914.5,272125,True,False,False,False,False,False,False,False,False,False,False,False,False,False,False,False,False,False,False,True,False,False,False,False,False,True,False
f2e343ce-349c-4c8e-a992-17bf9bc4a241,161260,7355.075,17168.85,7961.7,1510.525,1900.75,85660.5,True,False,False,False,False,False,False,False,False,False,False,False,False,False,False,False,False,False,False,True,False,False,False,False,False,True,False
0ad97c8f-695a-4419-b345-1b9e046fc895,182698,9986,12786,10745,5171.5,2410.5,329290,True,False,False,False,False,False,False,False,False,False,False,False,False,False,False,False,False,False,False,False,True,False,False,False,False,True,False
ffa8418e-cc0d-48fe-894d-1cd82302fd77,68633.75,5657,3314,4146.125,1379.75,1341.625,117712.5,False,False,False,False,False,False,False,False,False,False,False,False,True,False,False,False,False,False,False,True,False,False,False,False,True,False,False
118aaf4e-7063-44bb-807e-1d78a747a9a7,150185,12765.5,12850,5441.5,8092.5,2385.5,584914,True,False,False,False,False,False,False,False,False,False,False,False,False,False,False,False,False,False,False,True,False,False,False,False,False,True,False
2bfb919d-29d4-40b9-956c-1dd1083c9f97,649980.56,65491.312,46431.49,21926.848,4846.75,2173.592,1646239.4,True,False,False,False,False,False,False,False,False,False,False,False,False,False,False,False,False,False,False,True,False,False,False,False,False,True,False
c08e6ef1-e2ec-473d-aa8f-1f0922d2191f,294260,4270,55668,6716,13046,1020,101595,True,False,False,False,False,False,False,False,False,False,False,False,False,False,False,False,False,False,False,False,False,False,True,False,False,True,False
fbf50acf-ff6f-429b-9ec7-1f53242addb2,768308,42911.6,58026.2,41184,3945.4,21322.8,885076,True,False,False,False,False,False,False,False,False,False,False,False,False,False,False,False,False,False,False,True,False,False,False,False,False,True,False
3d1a7670-ae5d-4231-8a52-200309144f1d,189382.1,13481.05,25501.7,4459.45,9983.65,3184.75,516516.8,True,False,False,False,False,False,False,False,False,False,False,False,False,False,False,False,False,False,False,True,False,False,False,False,False,True,False
a2eb721b-5079-4576-bd55-20e8800ae368,50162,851.9,4750.9,3554.5,960.1,1550.2,6462,False,False,False,False,True,False,False,False,False,False,False,False,True,False,False,False,False,False,False,False,False,True,False,False,True,False,False
87067cab-6823-40e8-bd3c-2265a279ae8f,239990,4813.9,48861.4,3035.1,20989,2504,16757.4,True,False,False,False,False,False,False,False,False,False,False,False,False,False,False,False,False,False,False,False,False,False,True,False,False,True,False
53f3de9f-03cc-4c5f-94fe-23d794b7da95,214620,26628.25,5704.05,10244.4,3594.2,547.5,271140,True,False,False,False,False,False,False,False,False,False,False,False,False,False,False,False,False,False,False,True,False,False,False,False,True,False,False
44ceebdf-aba0-4653-9d53-26ebebb8f3a8,64373.75,2257,6240,4009.125,1360.75,2202.625,43725,False,False,True,False,False,False,False,False,False,False,False,False,False,False,False,False,False,False,False,False,True,False,False,False,True,False,False
f73f78e7-c354-4c33-a566-2795c58fce6b,664360,55235,50335.75,27691.25,4696,8410,1475265,True,False,False,False,False,False,False,False,False,False,False,False,False,False,False,False,False,False,False,True,False,False,False,False,False,True,False
cad47455-5466-4fb9-8cb3-282e673c1a37,467360,14189,66154,16046.5,5913,5701.5,612340,True,False,False,False,False,False,False,False,False,False,False,False,False,False,False,False,False,False,False,True,False,False,False,False,False,True,False
245deee5-9a81-4fd8-ae1e-298cbc9e96d6,307275,13709.9,42730.5,8930.7,1629.9,608,333030,True,False,False,False,False,False,False,False,False,False,False,False,False,False,False,False,False,False,False,True,False,False,False,False,False,True,False
7e3b073b-0188-4520-a8f7-2993624e0df8,91053.75,5176,1031,7386.125,16.75,472.625,110960,False,False,False,False,False,False,False,False,False,False,False,False,False,False,True,False,False,False,False,True,False,False,False,False,True,False,False
808972dd-a67f-4c11-85c0-29efab3e2615,48333.75,1713,4580,3154.125,1100.75,1931.625,61062.5,False,False,False,False,False,False,False,False,False,False,False,False,True,False,False,False,False,False,False,False,True,False,False,False,True,False,False
e3746b83-58d7-4bb2-817b-2a4be433136c,45433.75,508,989,4606.125,426.75,403.625,49822.5,False,False,False,False,False,False,True,False,False,False,False,False,False,False,False,False,False,False,False,False,True,False,False,False,True,False,False
c7e10abc-6f82-469c-b4c9-2af79f9d43f7,381595,22317,40313,14444.5,5444,2765.5,399590,True,False,False,False,False,False,False,False,False,False,False,False,False,False,False,False,False,False,False,True,False,False,False,False,False,True,False
7bff5cf1-ec43-4ffd-85bf-2b309aab25d7,284452.5,18230.5,26814,11707.75,4473.5,2059.25,451680,True,False,False,False,False,False,False,False,False,False,False,False,False,False,False,False,False,False,False,True,False,False,False,False,False,True,False
a986dabc-7647-4e6f-8876-2ee44372a853,339775,8991.15,57919.7,8389.4,4496.05,4495.5,201030,True,False,False,False,False,False,False,False,False,False,False,False,False,False,False,False,False,False,False,True,False,False,False,False,False,True,False
26c488ad-ee38-450b-9df7-3032a5623764,263411.25,1196.2251,11123.35,24184.65,690.275,367.375,289765.88,True,False,False,False,False,False,False,False,False,False,False,False,False,False,False,False,False,False,False,True,False,False,False,False,True,False,False
d29724c7-1858-49d8-91b7-3071f329a2f5,394850,2500,46869,24102,18250,2640,30127.4,True,False,False,False,False,False,False,False,False,False,False,False,False,False,False,False,False,False,False,False,False,False,True,False,False,True,False
f7ca07ee-c0e5-4b7c-9efa-31a471217d24,154915,13222,21069,2856,11780.4,3542.5,320778,True,False,False,False,False,False,False,False,False,False,False,False,False,False,False,False,False,False,False,False,False,True,False,False,False,True,False
cd88ba95-a148-476d-86df-33de0fa0285c,138077.5,11067,2900,9055.75,413,1337.25,220685,False,False,False,False,True,False,False,False,False,False,False,False,False,False,False,False,False,False,False,True,False,False,False,False,True,False,False
f2921a47-1b20-4e62-9785-35cff93cfa6f,611090,4885,39535,49065,10005,1570,3850,True,False,False,False,False,False,False,False,False,False,False,False,False,False,False,False,False,False,False,False,False,False,True,False,False,True,False
c7da15a0-f1a2-41d0-87f0-36656584093e,186845,12786.8,11855.05,10120.05,1307.1,2110,257860,True,False,False,False,False,False,False,False,False,False,False,False,False,False,False,False,False,False,False,True,False,False,False,False,False,True,False
3f9e7c94-1389-491c-913f-379f20e7f696,399252.5,42906.5,14297.5,19691.25,3022.5,1188.25,349720,True,False,False,False,False,False,False,False,False,False,False,False,False,False,False,False,False,False,False,True,False,False,False,False,False,True,False
4caad7a1-8e58-47d8-9865-398185acc4c3,477595,47217.5,40283,14955,3051,4584.5,921315,True,False,False,False,False,False,False,False,False,False,False,False,False,False,False,False,False,False,False,True,False,False,False,False,False,True,False
f26beaa3-9402-4114-84c8-39a639703a3a,236045,3182,33012.35,11331.3,11741,1288.5,19482.4,True,False,False,False,False,False,False,False,False,False,False,False,False,False,False,False,False,False,False,False,False,False,True,False,False,True,False
4608978b-a447-4b4a-b37d-39d96ddfcddb,525261.5,11918.686,12444.085,48695.58,1861.792,769.58997,219756,True,False,False,False,False,False,False,False,False,False,False,False,False,False,False,False,False,False,False,True,False,False,False,False,True,False,False
df62497b-0d64-4a5d-beb7-3da4e0b36f43,45087,605,3526,3450.9,739.99994,820,6756,False,False,False,False,True,False,False,False,False,False,False,False,False,False,False,False,False,False,False,True,False,False,False,False,True,False,False
614fe2fd-d2c7-49df-8468-4007cdf315f2,696050.5,36352.6,60284.7,34187.25,6356.9,21186.05,688096,True,False,False,False,False,False,False,False,False,False,False,False,False,False,False,False,False,False,False,True,False,False,False,False,False,True,False
945e6bfc-b9c0-4372-8170-400961dbac4e,115293.3,4270.72,21268.898,1875.99,1534.5801,10115.39,205819.2,True,False,False,False,False,False,False,False,False,False,False,False,False,False,False,False,False,False,False,True,False,False,False,False,False,True,False
718417dd-5dfe-49aa-aef2-4099220c6312,131911,12280.35,9331.75,4253.3,7417.2,659.9,580218,True,False,False,False,False,False,False,False,False,False,False,False,False,False,False,False,False,False,False,True,False,False,False,False,False,True,False
e7253a3b-445d-4125-9f31-417842458ef8,215800,2538,29330,10246,19284,1680,62495,False,False,False,False,False,False,False,False,False,False,False,False,True,False,False,False,False,False,False,False,False,False,True,False,True,False,False
74fe14f7-6bd3-44b5-95a3-41d0798f8d20,416920,12160,48805,19670,11030,3125,329900,True,False,False,False,False,False,False,False,False,False,False,False,False,False,False,False,False,False,False,False,False,False,True,False,False,True,False
80a2fa67-4d5f-41e2-bfb3-42a86ff15ae5,519065.3,28627.018,30680.055,31587.504,6893.003,1886.53,511410.06,True,False,False,False,False,False,False,False,False,False,False,False,False,False,False,False,False,False,False,True,False,False,False,False,False,True,False
407121ca-51bc-49d4-99c0-45443421ac6a,215557,31032.5,18160.5,2337,3095,1341.5,370160,True,False,False,False,False,False,False,False,False,True,False,False,False,False,False,False,False,False,False,True,False,False,False,False,False,True,False
90433c34-3984-478a-a87d-45a6bd61751d,69033.75,6257,3314,4146.125,1379.75,1341.625,83712.5,False,False,False,False,False,False,False,False,False,False,False,False,True,False,False,False,False,False,False,True,False,False,False,False,True,False,False
f9da51ad-42b2-4e5b-8b83-4651c00d6037,119418.75,3365,10175,7256.625,241.75,466.125,167397.5,False,False,False,False,False,False,False,False,False,False,False,False,False,False,True,False,False,True,False,False,True,False,False,False,True,False,False
9e8ff5dd-46d4-4862-bbb8-490834fc2e28,81596.95,8198.15,3366.85,3726.1,1026.5,276.25,213432.9,True,False,False,False,False,False,False,False,False,False,False,False,False,False,False,False,False,False,False,True,False,False,False,False,True,False,False
58870e24-69ef-492c-b47b-5235861e6f94,265280,2613.8,38914.8,12672,23443.2,1398,7980,True,False,False,False,False,False,False,False,False,False,False,False,False,False,False,False,False,False,False,False,False,False,True,False,True,False,False
04f75d35-22ec-454d-9142-530f612e440f,233767.5,17224.1,21881,9162.05,2502.2,4587.25,185214,True,False,False,False,False,False,False,False,False,False,False,False,False,False,False,False,False,False,False,True,False,False,False,False,False,True,False
27c2f79d-f69b-4f32-9c9c-563fc480fd2c,77520,5303.65,9559.15,2089.2,2622.45,886,197265,True,False,False,False,False,False,False,False,False,False,False,False,False,False,False,False,False,False,False,True,False,False,False,False,False,True,False
f09a78db-9584-430a-a977-58c9eb20aa09,356646.6,17745.57,41844.258,13608.105,7132,3834.02,616844.6,True,False,False,False,False,False,False,False,False,False,False,False,False,False,False,False,False,False,False,True,False,False,False,False,False,True,False
f02882d1-ecae-4475-894f-594595ed3fda,212653,12846.85,20040.45,9750.8,2068.0999,3689.3,1410446,True,False,False,False,False,False,False,False,False,False,False,False,False,False,False,False,False,False,False,True,False,False,False,False,False,True,False
7c9e65a4-227e-4e1f-8df2-596f0ecd8adf,352325,12846.5,24195,22155.5,4911.5,1225.5,358684,True,False,False,False,False,False,False,False,False,False,False,False,False,False,False,False,False,False,False,True,False,False,False,False,False,True,False
51a49ebb-7e46-40e1-9884-5dacf7856495,145230,3524,1946,14283,184,849,175675,False,False,False,False,False,False,True,False,False,False,False,False,False,False,False,False,False,False,False,True,False,False,False,False,True,False,False
7ebb4f69-fd8a-4be8-b3a9-5e49498e31f0,306220.3,12623.12,48829.2,6255.99,1600.18,2017.59,127813.2,True,False,False,False,False,False,False,False,False,False,False,False,False,False,False,False,False,False,False,True,False,False,False,False,False,True,False
2e6846f7-7d77-4e89-a248-62ed5833fb25,547412.5,8775.25,14718,50841.5,113.75,368.75,398161.75,True,False,False,False,False,False,False,False,False,False,False,False,False,False,False,False,False,False,False,True,False,False,False,False,True,False,False
60e781b2-9024-4fb3-815f-644070d6bf44,82324,4093.5,12688,1928.2,3380,811,369287,True,False,False,False,False,False,False,False,False,False,False,False,False,False,False,False,False,False,False,True,False,False,False,False,False,True,False
4b8a8e7e-e25d-4329-8212-658a6e7a772b,393862.5,33796.5,23622.5,21562.25,3179.5,5031.25,1142437,True,False,False,False,False,False,False,False,False,False,False,False,False,False,False,False,False,False,False,True,False,False,False,False,False,True,False
ec79b911-add2-4a59-b75e-660fa098e9c6,214850,4660,30020,9810,16275,3750,10450,True,False,False,False,False,False,False,False,False,False,False,False,False,False,False,False,False,False,False,False,False,False,True,False,True,False,False
994ac438-8da4-4557-b54c-6653d4e2f953,248136.3,18474.818,18674.201,11685.591,3084.2798,4620.59,342254.2,True,False,False,False,False,False,False,False,False,False,False,False,False,False,False,False,False,False,False,True,False,False,False,False,True,False,False
3413d510-7354-456a-9192-666146c29517,37605,1095.4,4634.5,1706.2,129.9,83,41580,True,False,False,False,False,False,False,False,False,False,False,False,False,False,False,False,False,False,False,False,True,False,False,False,True,False,False
f80f6a1a-1e8e-4f5e-aeb8-68eb92e26056,187837.5,30472,2620,5902.25,21.5,1305.25,245500,False,False,False,False,False,False,False,False,False,False,False,False,True,True,False,False,False,False,False,True,False,False,False,False,True,False,False
053ec236-7b8b-4303-9b80-6a571bdb3a93,176060,13402.75,19798.75,4365.3,10986.2,1181.5,430800,True,False,False,False,False,False,False,False,False,False,False,False,False,False,False,False,False,False,False,True,False,False,False,False,False,True,False
62db3d43-c280-469e-9119-6e90d32f2449,226457,22827.96,20305.93,5551.91,7791.44,3241,442987,True,False,False,False,False,False,False,False,False,False,False,False,False,False,False,False,False,False,False,True,False,False,False,False,False,True,False
9058d003-239c-468b-98cb-6fb70bc53d6f,32545.3,2361.62,1729.2,1835.99,1270.18,58.59,35243.2,False,False,False,False,False,False,False,False,False,False,True,False,False,False,False,False,False,False,False,True,False,False,False,False,True,False,False
b9b9113b-ee31-42f1-a24a-70cac0cde43f,260297.5,2254,15322.5,23079,8897.5,180.5,62872.5,False,False,False,False,False,False,False,False,False,True,False,False,False,False,False,False,False,False,False,False,False,False,True,False,True,False,False
42341a1f-23a6-4bb6-a85a-70d44a6e0630,145180,9073.75,7279.75,8566.3,1696.2,1018.5,818670,True,False,False,False,False,False,False,False,False,False,False,False,False,False,False,False,False,False,False,False,False,True,False,False,False,True,False
4cc8a02f-b2e8-4f2f-91f1-71ac5e7c235b,598319.5,15737.125,26300.375,49153.35,7367.1504,4171.75,821903,True,False,False,False,False,False,False,False,False,False,False,False,False,False,False,False,False,False,False,True,False,False,False,False,False,True,False
1304a8f5-2246-467a-8e14-727bb1be9cff,404800,4132,48120,24159.5,20570,3125,52327.4,True,False,False,False,False,False,False,False,False,False,False,False,False,False,False,False,False,False,False,False,False,False,True,False,False,True,False
2ecedb50-c870-496c-bffa-7308be90ae7a,91422.75,3339.5,11213,4064.325,486.75,2348.125,136133,False,False,False,False,False,False,False,False,False,False,False,False,False,False,True,False,False,False,False,True,False,False,False,False,True,False,False
1373a67f-cac8-4c5a-b278-74f93dd66050,56122.5,3002.5,4852.5,2877.75,811.5,543.25,188610,True,False,False,False,False,False,False,False,False,False,False,False,False,False,False,False,False,False,False,True,False,False,False,False,True,False,False
d04a46ad-9ad4-4890-ae31-7508f7da29d9,323105,10181,18130,23643,2356,725,366700,True,False,False,False,False,False,False,False,False,False,False,False,False,False,False,False,False,False,False,True,False,False,False,False,False,True,False
2c044f63-c2f6-45a2-b5b5-765f2572a190,56898,1934.915,8579.65,1538.1499,129.9,83.075,130035.75,True,False,False,False,False,False,False,False,False,False,False,False,False,False,False,False,False,False,False,True,False,False,False,False,True,False,False
4ed78661-afee-41be-b1c2-773182e35a07,326960,2744,52781.5,12116,22206,1345,20627.4,True,False,False,False,False,False,False,False,False,False,False,False,False,False,False,False,False,False,False,False,False,False,True,False,False,True,False
45a83463-7d6f-4e6f-99e6-78023d7eeb1f,203629.5,10944.3,26445.4,6164.05,1773.6,3848.25,890120,True,False,False,False,False,False,False,False,False,False,False,False,False,False,False,False,False,False,False,True,False,False,False,False,False,True,False
c1b82f3b-3685-4929-8db4-7842b3ac0fad,28139.75,118.7,293.4,3037.225,2.65,96.225,50431.5,False,False,False,False,False,False,False,False,False,False,False,False,False,False,True,False,False,False,False,False,True,False,False,False,True,False,False
b10ff247-1860-4c85-883b-794b53cc377d,327330,33641.65,29806.7,8440.9,2803.55,4137.5,586480,True,False,False,False,False,False,False,False,False,False,False,False,False,False,False,False,False,False,False,True,False,False,False,False,False,True,False
786d0176-c5f5-4ac7-86dc-7aceb654f93f,408560,11637,72608.5,8686,20155,5675,14850,True,False,False,False,False,False,False,False,False,False,False,False,False,False,False,False,False,False,False,False,False,False,True,False,False,True,False
d680baa9-1965-4c6f-a768-7b59c6ccb83f,36913.75,2103,269,3128.125,27.75,130.625,104190,False,False,False,False,False,False,False,False,False,False,False,False,True,False,False,False,False,False,False,True,False,False,False,False,True,False,False
2eb8f89a-469a-4136-bcc4-7c6505a1cf5c,398050,12399.6,63430.4,9713.2,2844,4788,408830,True,False,False,False,False,False,False,False,False,False,False,False,False,False,False,False,False,False,False,True,False,False,False,False,False,True,False
fa87dcf2-5890-4953-be58-7e282bbb942a,215437.5,6809.375,27356.875,8485.15,1231.6,1311.25,393710,True,False,False,False,False,False,False,False,False,False,False,False,False,False,False,False,False,False,False,True,False,False,False,False,False,True,False
80f5edbc-1673-49d2-b9ad-804a8142429b,24205.75,1761.6425,4639.5923,260.489,1550.096,2103.795,413493,True,False,False,False,False,False,False,False,False,False,False,False,False,False,False,False,False,False,False,False,False,True,False,False,True,False,False
8f787ec5-c75f-4511-ae52-80766874cc3d,320620.3,10098.12,41229.2,12245.99,1300.18,807.58997,294213.2,True,False,False,False,False,False,False,False,False,False,False,False,False,False,False,False,False,False,False,True,False,False,False,False,True,False,False
7f234baf-d525-4133-97d0-83bc9598c327,309850,9243,48879,10365,22520,4260,10100,True,False,False,False,False,False,False,False,False,False,False,False,False,False,False,False,False,False,False,False,False,False,True,False,False,True,False
3fbded7a-13e0-467d-a4a7-83ebd2b791ee,59516,2480.1401,11419.12,265.14,498.46,1217.5,770830,True,False,False,False,False,False,False,False,False,False,False,False,False,False,False,False,False,False,False,True,False,False,False,False,False,True,False
89b2bfa5-430d-4f77-a2fd-84039652a855,152835,17125.5,14000,3066.5,4693,876.5,228500,True,False,False,False,False,False,False,False,False,False,False,False,False,False,False,False,False,False,False,True,False,False,False,False,True,False,False
c845f273-9e4e-4a56-bafe-84c31d9fb4d0,494550,27839.46,33305.03,27479.71,5022.94,2578.7,1768829,True,False,False,False,False,False,False,False,False,False,False,False,False,False,False,False,False,False,False,True,False,False,False,False,False,True,False
314e8a60-e410-4027-bb89-870760259b30,65108.75,6090,1145,4356.625,5.75,42.125,148137.5,False,False,False,False,False,False,False,False,False,False,False,False,True,True,False,False,False,False,False,True,False,False,False,False,True,False,False
2ed13df3-b0ab-4489-b5e5-8829395af7db,20855.75,257,4131,127.225,1677.75,924.625,674265,False,False,False,False,False,True,False,False,False,False,False,False,True,False,False,False,False,False,False,False,False,True,False,False,False,True,False
d686f47b-cfe2-41b8-8f52-8f6a45821251,67544.5,5371.085,4365.185,3291.978,1327.192,1011.79004,345280,True,False,False,False,False,False,False,False,False,False,False,False,False,False,False,False,False,False,False,False,False,True,False,False,False,True,False
5a10daed-7578-45a5-a629-8f8f9ac9ba23,522655,47401,38781.75,19544.25,3873.5,4475,1499915,True,False,False,False,False,False,False,False,False,False,False,False,False,False,False,False,False,False,False,True,False,False,False,False,False,True,False
e7b9e946-51b1-437c-aa3c-90c011778326,174240,18252,15330,4866.5,7018,921.5,475670,True,False,False,False,False,False,False,False,False,False,False,False,False,False,False,False,False,False,False,True,False,False,False,False,False,True,False
c92dd83a-acb8-4524-a6d3-922e1e9e31af,89848,2972,11505,4188,5483.5,1810,280395,True,False,False,False,False,False,False,False,False,True,False,False,False,False,False,False,False,False,False,False,True,False,False,False,True,False,False
2463e13f-3b27-427e-9c79-9247a9dc67e4,227359,24864,23898.5,3851.5,3002,1910,1468110,True,False,False,False,False,False,False,False,False,True,False,False,False,False,False,False,False,False,False,True,False,False,False,False,False,True,False
accee948-8c1d-480f-8882-9271ee5a6ff1,638840,64625.8,73605.8,8708,12315.4,21402,1312854,True,False,False,False,False,False,False,False,False,False,False,False,False,False,False,False,False,False,False,True,False,False,False,False,False,True,False
4d5e86b0-934f-4ddc-8504-92d399004275,255443,11652.1,23663.7,12636.25,5617.4,2232.55,609410,True,False,False,False,False,False,False,False,False,False,False,False,False,False,False,False,False,False,False,True,False,False,False,False,False,True,False
84af089e-934e-4c0d-90fc-93a022ec422a,224760,4559.5,32084.5,9826,16325,3795,18227.4,True,False,False,False,False,False,False,False,False,False,False,False,False,False,False,False,False,False,False,False,False,False,True,False,True,False,False
888340c7-5abd-4035-937f-95cc3c65734a,66783.75,2765,6544,4263.125,2350.75,3413.625,72502.5,False,False,False,False,False,False,False,False,False,False,False,False,False,False,True,False,False,False,False,False,True,False,False,False,True,False,False
b93d886d-c8e6-4a7a-a334-9699480e5915,48923.75,2318,290,4337.125,0.75,94.625,103840,False,False,False,False,False,False,False,False,False,False,False,False,True,False,False,False,False,False,False,True,False,False,False,False,True,False,False
576e5b7d-c86c-4038-a909-98731bc271ea,854220.5,8080.8,86258,52378.25,1435.5,552.45,1145574,True,False,False,False,False,False,False,False,False,False,False,False,False,False,False,False,False,False,False,True,False,False,False,False,False,True,False
7f724674-9a1c-4a17-924b-988df805f875,24090,314.5,6028.5,63.5,5130.5,556,12155,False,False,False,False,False,False,False,False,False,False,False,False,False,False,False,False,False,False,False,False,False,False,False,True,True,False,False
92f369d1-4018-4a56-9ca8-98ecd4a2ce4d,166467,11402.5,6564,10168,3289,2132,329526,True,False,False,False,False,False,False,False,False,False,False,False,False,False,False,False,False,False,False,True,False,False,False,False,False,True,False
a6c04dad-9484-41ef-8c68-9aaad0d8da4c,242298,11395.25,38773.75,4435.1,2375.7,742.5,394117,True,False,False,False,False,False,False,False,False,False,False,False,False,False,False,False,False,False,False,False,False,True,False,False,False,True,False
e38ab780-7e07-4393-a124-9beb652656d8,49763.75,2253,2150,3974.125,950.75,1081.625,95432.5,False,False,False,False,False,False,True,False,False,False,False,False,False,False,False,False,False,False,False,False,True,False,False,False,True,False,False
abf5f13a-ecc7-4847-a0ea-9dff9890027b,230400,16514.6,28870.75,5976.9,9136.601,10080.5,471526,True,False,False,False,False,False,False,False,False,False,False,False,False,False,False,False,False,False,False,True,False,False,False,False,False,True,False
71c36fa1-036f-4c46-afe4-9e51477f2e98,188424.5,10506.976,6516.575,13738.375,2440.0999,2983.3,326326.8,True,False,False,False,False,False,False,False,False,False,False,False,False,False,False,False,False,False,False,True,False,False,False,False,False,True,False
eacd52f2-10c4-4c61-8b08-a0a840977e4c,333730,11036.85,24134.398,22499.7,1959.85,1464,150985,True,False,False,False,False,False,False,False,False,False,False,False,False,False,False,False,False,False,False,True,False,False,False,False,False,True,False
e983498c-f724-4333-86e4-a2189160346b,57078.75,2994,5825,2806.625,5105.75,42.125,54947.5,False,False,False,False,False,False,False,False,False,False,False,False,False,True,False,False,False,False,False,True,False,False,False,False,False,True,False
8e37f088-c5b9-457e-a5f4-a234049b4276,163555,11150,11593,8385,1978,1075,105610,True,False,False,False,False,False,False,False,False,False,False,False,False,False,False,False,False,False,False,True,False,False,False,False,False,True,False
c85138d4-c23f-4f0d-b64c-a2ce3e1f77f5,138613.75,3338,20170,5139.125,2490.75,2336.625,164797.5,False,False,False,False,False,False,False,False,False,False,False,False,True,False,False,False,False,False,False,False,True,False,False,False,True,False,False
6ea40253-3459-4c1a-8db6-a2e5157f17db,79615,3243.5,4330,5519,802.5,320,157965,True,False,False,False,False,False,False,False,False,False,False,False,False,False,False,False,False,False,False,True,False,False,False,False,False,True,False
72c7b42f-c6d2-4bd7-8e0a-a452c21635f8,254585,8833.95,9654.199,20122.6,2455,777.5,212175,True,False,False,False,False,False,False,False,False,False,False,False,False,False,False,False,False,False,False,True,False,False,False,False,False,True,False
30f30365-eab5-4679-8668-a4e4648ca926,61938.75,7082,785,3414.125,85.75,315.125,145555,False,False,False,False,False,False,False,False,False,True,False,False,False,False,False,False,False,False,False,True,False,False,False,False,True,False,False
efaddf94-f289-471a-9375-a52ebd6297bf,270050,21356,19638.5,12391.5,3994.5,6355,94200,True,False,True,False,False,False,False,False,False,False,False,False,False,False,False,False,False,False,False,True,False,False,False,False,True,False,False
207fe530-2800-4239-9138-a576bd7f9329,347685.44,36643.43,28347.24,10524.3,4867.42,7314,734138.9,True,False,False,False,False,False,False,False,False,False,False,False,False,False,False,False,False,False,False,True,False,False,False,False,False,True,False
48133e5b-d4b4-4a7c-b374-a6cb02c46557,122163.75,1658,20080,4154.125,4200.75,3031.625,133500,False,False,False,False,False,False,False,False,False,False,False,False,True,False,False,False,False,False,False,False,True,False,False,False,True,False,False
0f8e551a-6cb2-431b-9ebc-aa98878caf0c,625200,5494.8,51233.6,48773.6,37127.2,1468,48320,True,False,False,False,False,False,False,False,False,True,False,False,False,False,False,False,False,False,False,False,False,False,True,False,False,True,False
c9b64546-5fdd-4cb8-84d9-ab50c2e4f616,148085,17255,11090,3650,1800,870,156100,True,False,False,False,False,False,False,False,False,True,False,False,False,False,False,False,False,False,False,True,False,False,False,False,True,False,False
af6518be-8937-4c5d-bf86-abf72145554e,68975.3,6743.12,5549.2,2360.99,1150.18,1907.59,1139703.2,True,False,False,False,False,False,False,False,False,False,False,False,False,False,False,False,False,False,False,False,False,True,False,False,True,False,False
86107471-653b-4048-8a20-ad3ceebb2316,209472,16788,26784,4465,12057,3915,1336520,True,False,False,False,False,False,False,False,False,False,False,False,False,False,False,False,False,False,False,True,False,False,False,False,False,True,False
c9e77482-8166-42ed-99df-ae7ce8f2cb27,199643,2428.1401,45022.12,337.94,533,1574.5,773258,True,False,False,False,False,False,False,False,False,False,False,False,False,False,False,False,False,False,False,True,False,False,False,False,False,True,False
bb403a31-ba81-4d70-a37d-aef13cae434c,285691,10896.15,26104.7,16421.9,3547.05,1660.5,328350,True,False,False,False,False,False,False,False,False,False,False,False,False,False,False,False,False,False,False,True,False,False,False,False,False,True,False
812e1b23-efab-4a03-8ce1-b19a6e98a471,114242,7989.7,7899.5,6246,3381.7998,1486.5,338988,True,False,False,False,False,False,False,False,False,False,False,False,False,False,False,False,False,False,False,False,True,False,False,False,True,False,False
745cba27-fbe2-4077-9569-b36136dda89c,192278.8,11245.47,22246.15,6339.1797,2594.9402,1564.8,213428.9,True,False,True,False,False,False,False,False,False,False,False,False,False,False,False,False,False,False,False,True,False,False,False,False,False,True,False
c9e5d09a-10a6-41c9-9c73-b4407d07c303,141850,3660,32070,550,18250,1250,601.75,True,False,False,False,False,False,False,False,False,False,False,False,False,False,False,False,False,False,False,False,False,False,True,False,True,False,False
60dfb6bb-0fab-4c78-8b74-b46cbd73b2cd,348277.5,41198.5,6482.5,18157.25,521,693.25,19472860,True,False,False,False,False,False,False,False,False,False,False,False,False,False,False,False,False,False,False,True,False,False,False,False,True,False,False
0e0efbf1-36b2-4bc2-9f4c-b769bc8fb697,109998,6619.95,9010.7,6022.25,3267.2,2800,197296,True,False,False,False,False,False,False,False,False,False,False,False,False,False,False,False,False,False,False,True,False,False,False,False,False,True,False
359bb46b-9f7c-4425-9f4f-b87ec41d859f,27371,2064.5,3497,724.25,778.5,728.25,768195,True,False,False,False,False,False,False,False,False,False,False,False,False,False,False,False,False,False,False,True,False,False,False,False,True,False,False
39537567-7dd4-46b6-9f99-b8f560a67561,57968.75,556,7900,3129.625,4818.25,1641.625,131765,False,False,False,False,False,False,False,False,False,False,False,False,False,True,False,False,False,False,False,False,True,False,False,False,True,False,False
7e78af3c-5e34-47ab-b5a2-b962c7088ef5,83351,4342,11352.9,2389.5,2009.1,407.5,202998,True,False,False,False,False,False,False,False,False,False,False,False,False,False,False,False,False,False,False,False,True,False,False,False,True,False,False
4ea2d9f0-cbf9-4ae0-9128-bb2ed946a637,133262.5,15747,10285,4568.75,406.5,719.75,915315,False,False,False,False,False,False,False,False,False,False,False,False,True,True,False,False,False,False,False,False,False,True,False,False,False,True,False
f12ccdf9-1bc7-4e4d-8ce6-bc6c689531a5,304975,24090.45,22986.75,13031.9,2246.7,3692.5,1266155,True,False,False,False,False,False,False,False,False,False,False,False,False,False,False,False,False,False,False,True,False,False,False,False,False,True,False
15535308-54dd-43de-90b1-bf9f75f8bb81,413160,3010,60620,19510,19100,1800,30077.4,True,False,False,False,False,False,False,False,False,False,False,False,False,False,False,False,False,False,False,False,False,False,True,False,False,True,False
17f46aca-8b72-468e-851a-bfa63cfd79e6,418565,12779,52744,17396.5,1323,3886.4998,694090,True,False,False,False,False,False,False,False,False,False,False,False,False,False,False,False,False,False,False,True,False,False,False,False,False,True,False
2a06abe5-d284-4f92-a246-bfaadecd709a,58560,556.5,8670,3000,7254,720,2340,False,False,False,True,False,False,False,False,False,False,False,False,False,False,False,False,False,False,False,False,False,False,False,True,True,False,False
fa457b44-9173-4f30-9946-bffaff0c3f4c,120017,11114.38,5133.24,5572.88,3569.92,502.4,322739,True,False,False,False,False,False,False,False,False,False,False,False,False,False,False,False,False,False,False,True,False,False,False,False,False,True,False
1ff723f1-a813-4a2b-b0ca-c0e87a157164,247430,5879,43093,6022.5,11590,3210,7050,True,False,False,False,False,False,False,False,False,False,False,False,False,False,False,False,False,False,False,False,False,False,True,False,False,True,False
60835587-3fd4-4d87-b1b9-c18831ca8209,24262.75,2382.75,4055.5,450.825,542.25,1852.125,155238,False,False,False,False,False,False,False,False,True,False,False,False,False,False,False,False,False,False,False,True,False,False,False,False,False,True,False
e7efc73e-93de-4359-bfd6-c2c30b9d0ed5,143662,14401,21187,431,6391.5,1107,259835,True,False,False,False,False,False,False,False,False,False,False,False,False,False,False,False,False,False,False,False,True,False,False,False,False,True,False
9ab7a5bb-4c80-4ff6-ab98-c382ba0c689f,71286.3,8596.62,7442.7,816.49,1338.68,382.59,216815.61,True,False,False,False,False,False,False,False,False,False,False,False,False,False,False,False,False,False,False,True,False,False,False,False,True,False,False
e7cdcedd-fae1-4030-8a11-c5d6fc8a1256,606264.6,46932.336,63469.625,26039.145,6317.76,17664.074,1543307.8,True,False,False,False,False,False,False,False,False,False,False,False,False,False,False,False,False,False,False,True,False,False,False,False,False,True,False
5e710350-2d26-4e31-becf-c5f06776811a,65283.75,2739,5232,4596.125,2970.75,1907.625,74582.5,False,False,False,False,False,False,False,False,False,False,False,False,True,True,False,False,False,False,False,False,True,False,False,False,True,False,False
c63a4806-4807-438d-ab2b-c697beed967d,46138.75,230,680,4876.625,155.75,237.125,49452.5,False,False,False,False,False,False,False,False,False,False,False,False,False,False,False,False,False,False,False,False,True,False,False,False,True,False,False
b70d115e-1711-448b-9cd0-c7f4608a4f5f,133681,11812,10712,4601.5,4650.5,741.5,145165,True,False,False,False,False,False,False,False,False,False,False,False,False,False,False,False,False,False,False,True,False,False,False,False,True,False,False
a042916a-07aa-4e2e-af31-cb078d267ac7,167020,12283,17147,5907.6,1118,3394,90550,True,False,False,False,False,False,False,False,False,False,False,False,False,False,False,False,False,False,False,True,False,False,False,False,False,True,False
29042f6c-985e-4d3f-a55e-ccb4d94c7877,367850,2000,40370,24002,18000,90,18000,True,False,False,False,False,False,False,False,False,False,False,False,False,False,False,False,False,False,False,False,False,False,True,False,True,False,False
0707a57a-9dcd-4e5f-9fb5-ccfd7b3e84c4,95440,8042.5,13674.5,1783.5,8699.9,2447,225789,True,False,False,False,False,False,False,False,False,False,False,False,False,False,False,False,False,False,False,False,False,True,False,False,True,False,False
854ab5e8-a3ce-40e4-b7d0-cee7512df649,261610,4100,46900,6800,5900,700,198790,True,False,False,False,False,False,False,False,False,False,False,False,False,False,False,False,False,False,False,True,False,False,False,False,False,True,False
36dd515a-320e-4c43-8145-d0a0c803d5ca,70223.75,5495,470,5021.125,40.75,70.625,112480,False,False,False,False,False,False,False,False,False,False,False,False,True,True,False,False,False,False,False,True,False,False,False,False,True,False,False
24743897-e67e-4e96-a205-d0e7caccf246,36858.75,1935,434,3130.625,32.75,141.125,104175,False,False,False,False,False,False,False,False,False,False,False,False,False,False,True,False,False,False,False,True,False,False,False,False,True,False,False
d3f02d11-da42-440f-b0a8-d1170661da01,112752,7871.5,12082,3717.2,4593,1254,306460,True,False,False,False,False,False,False,False,False,False,False,False,False,False,False,False,False,False,False,True,False,False,False,False,False,True,False
2dd8ba9d-a7ef-4223-987d-d1fe36aad452,169907,9818.5,10235,10709.6,2709,3429,317930,True,False,False,False,False,False,False,False,False,False,False,False,False,False,False,False,False,False,False,False,True,False,False,False,False,True,False
925af538-2619-4290-886c-d29904b14212,275058,13472.76,5414,21986.58,1698.12,881.74,227421.44,True,False,False,False,False,False,False,False,False,False,False,False,False,False,False,False,False,False,False,True,False,False,False,False,False,True,False
179feb5f-55bf-4e1d-9b26-d29e19461e76,105773.75,7977,905,8114.125,220.74998,137.625,55925,False,False,True,False,False,False,False,False,False,False,False,False,False,False,False,False,False,False,False,True,False,False,False,False,False,True,False
09ed4ef1-d102-497c-b995-d413bc9f550b,472100,17214,74212,11684,10130,13451,298070,True,False,True,False,False,False,False,False,False,False,False,False,False,False,False,False,False,False,False,True,False,False,False,False,False,True,False
06c95467-0157-4f87-a578-d76f819a799b,68413.75,2767,8112,3778.125,5088.75,2293.625,26275,False,False,False,False,False,False,False,False,False,False,False,False,True,False,False,False,False,False,False,False,True,False,False,False,True,False,False
7038342b-1f21-47f2-b783-da938189950a,260451,7415.5,31157.5,12404,3041.5,1110,396710,True,False,False,False,False,False,False,False,False,False,False,False,False,False,False,False,False,False,False,True,False,False,False,False,False,True,False
b6998698-cd71-4af2-97a4-da96c310c86a,38983.75,373,1700,3574.125,1080.75,511.625,60112.5,False,False,False,False,False,False,False,False,False,False,False,False,False,True,False,False,False,False,False,False,True,False,False,False,True,False,False
1f112571-a476-4eb3-980b-db497fcfc639,232550,14366.15,29945.7,7223.4,7631.45,3581.5,333838,True,False,False,False,False,False,False,False,False,False,False,False,False,False,False,False,False,False,False,True,False,False,False,False,False,True,False
c237fb5d-196e-45b2-898c-dc6e942a9a79,1319802.5,7681.875,87475.375,104543.65,851.6,1421.75,565770,True,False,False,False,False,False,False,False,False,False,False,False,False,False,False,False,False,False,False,True,False,False,False,False,False,True,False
4504073b-2210-44f5-9b34-dce89ed4c240,44928.75,2177,1380,3629.125,172.25,630.125,103270,False,False,False,False,False,False,False,False,False,False,False,False,True,False,False,False,False,False,False,True,False,False,False,False,True,False,False
48208d27-6601-4280-a442-dd4a0761f51a,103353.75,9488.5,1220,6404.125,160.75,576.125,120200,False,False,False,False,False,False,False,False,False,False,False,False,True,False,False,False,False,False,False,True,False,False,False,False,True,False,False
fab9290f-5e49-47dd-9663-e039634c6f6f,1115492.5,7689.7,39671,104757.95,735.3,2019.75,237660,True,False,False,False,False,False,False,False,False,False,False,False,False,False,False,False,False,False,False,True,False,False,False,False,False,True,False
420ccc56-8f0b-41de-9466-e1d1f194e382,891857.5,24077.5,6730,87643.25,5911.5,586.75,316360,False,False,False,False,False,False,False,False,False,False,False,False,True,False,False,False,False,False,False,True,False,False,False,False,False,True,False
09fe23ef-7161-4005-bcc0-e25073ad117f,140575.3,15034.12,19005.2,1247.59,8754.18,3247.59,507013.2,True,False,False,False,False,False,False,False,False,False,False,False,False,False,False,False,False,False,False,False,False,True,False,False,False,True,False
7fbabe2f-2730-4821-b950-e6eb8825ccfb,263138,12110.5,28899,11748,7374.5,3144,547785,True,False,False,False,False,False,False,False,False,False,False,False,False,False,False,False,False,False,False,True,False,False,False,False,False,True,False
66c83d95-9ccf-4d9f-a477-ecf017d77ea9,554425,28404.5,43452,30693,2983,5611,487227.4,True,False,False,False,False,False,False,False,False,False,False,False,False,False,False,False,False,False,False,True,False,False,False,False,False,True,False
e8be7335-8db5-4860-bc13-ee0fff224af8,44373.75,4851,1614,1993.125,60.75,227.625,40675,False,False,True,False,False,False,False,False,False,False,False,False,False,False,False,False,False,False,False,True,False,False,False,False,True,False,False
ac77e200-e0e7-4a21-b002-ee58a3fb8280,59540,2802.5,8570,1602,6198,836,31600,False,False,False,False,False,False,False,False,False,False,False,False,True,False,False,False,False,False,False,False,False,False,False,True,True,False,False
154d1ce3-8c56-49bf-837e-ee5fe9bacf93,554782.5,40453.75,19350.352,34736.25,1476.35,1217.7,2108966.2,True,False,False,False,False,False,False,False,False,False,False,False,False,False,False,False,False,False,False,True,False,False,False,False,False,True,False
226b6b95-c62d-4fed-a3d5-ee6e86a5f6c4,42533.8,6189.87,2432.9,878.63,552.58997,627.8,57740.2,True,False,False,False,False,False,False,False,False,False,False,False,False,False,False,False,False,False,False,True,False,False,False,False,True,False,False
c04f86b0-957a-4b2f-8239-f0256b9f857a,306785,10494,52451,5895.5,6986,2238.5,406820,True,False,False,False,False,False,False,False,False,False,False,False,False,False,False,False,False,False,False,True,False,False,False,False,False,True,False
1aa78f81-4e9f-4648-923f-f0629f69b59e,170350.3,5958.02,20297.7,6802.6904,1370.0801,595.59,217543.2,True,False,False,False,False,False,False,False,False,False,False,False,False,False,False,False,False,False,False,True,False,False,False,False,False,True,False
297ed3ec-7b80-4920-a669-f0d30006f368,688540.3,11988.12,37570.2,55164.99,1875.1799,1928.59,176830.61,True,False,False,False,False,False,False,False,False,False,False,False,False,False,False,False,False,False,False,True,False,False,False,False,False,True,False
4657e7bc-0f40-42b5-af76-f1d5460cc1b5,110293.75,4849,5732,8356.125,2970.75,1987.625,253462.5,False,False,False,False,False,False,False,False,False,False,False,False,False,False,True,False,False,True,False,False,True,False,False,False,True,False,False
4efb9fec-cec9-4ecb-8eb2-f536c090492f,444362.5,17202.1,66884.7,11307.149,3338.5,5439.25,386720,True,False,False,False,False,False,False,False,False,False,False,False,False,False,False,False,False,False,False,True,False,False,False,False,False,True,False
e0d10f59-bec0-4ddd-9fb2-f5fdef80dc49,88263.75,5472,5505,5479.125,1116.75,2627.625,43855,False,False,True,False,False,False,False,False,False,False,False,False,False,False,False,False,False,False,False,True,False,False,False,False,True,False,False
b2ad9e15-6293-4c9a-9793-f70ca7336dfb,45573.75,324.5,1140,4714.125,250.75,680.125,99560,False,False,False,False,False,False,False,False,False,False,False,False,False,False,False,False,True,False,False,False,True,False,False,False,True,False,False
0beb8424-094b-4a6f-8afd-f94248bf3058,94210,10019,7080,3458,4972,778,114850,False,False,False,False,False,False,False,False,False,True,False,False,False,False,False,False,False,False,False,True,False,False,False,False,False,True,False
2c011b95-7ddd-4320-9e46-f9a0a6108c50,517255,47532,54338.5,15293.5,6548.5,10675,814630,True,False,False,False,False,False,False,False,False,False,False,False,False,False,False,False,False,False,False,True,False,False,False,False,False,True,False
7599dcde-fc1d-46f4-a541-fc42495fe6b3,93962.5,6400.5,5432,5053.25,404.5,679.75,1140095,True,False,False,False,False,False,False,False,False,False,False,False,False,False,False,False,False,False,False,False,False,True,False,False,True,False,False
59ab54d7-d708-4fdd-ab2c-fd2a4353e9bf,194792.5,18028.375,14205.375,7447.65,2451.5999,1193.25,246250,True,False,False,False,False,False,False,False,False,False,False,False,False,False,False,False,False,False,False,True,False,False,False,False,True,False,False
f25bfcca-2b2d-4698-9c1b-fd9a5f9368f2,67010,1667,9295,3186.5,1538,911.5,1749930,True,False,False,False,False,False,False,False,False,False,False,False,False,False,False,False,False,False,False,True,False,False,False,False,True,False,False
76cedc79-c31d-4820-8c91-fe066681fd57,56195,3135,3890,3295,1105,760,384390,True,False,False,False,False,False,False,False,False,False,False,False,False,False,False,False,False,False,False,False,False,True,False,False,True,False,False
029fac59-fdf9-4a58-94ee-fe35f15a6c0c,202290,2805.7,28400.7,10310.6,14330,1077,13980,True,False,False,False,False,False,False,False,False,False,False,False,False,False,False,False,False,False,False,False,False,False,True,False,True,False,False
ed00f9c0-b9ef-4fc7-a4bd-fec4d4274f0f,61178.75,631,8440,3296.125,4810.75,2031.625,132215,False,False,False,False,False,False,False,False,False,False,False,False,False,True,False,False,False,False,False,False,True,False,False,False,True,False,False
3f982a00-7ea5-47d9-8acd-ff98e829b011,319985,31224.5,21152.5,12313.5,4145,2540,1078980,True,False,False,False,False,False,False,False,False,False,False,False,False,False,False,False,False,False,False,False,False,True,False,False,False,True,False
9efb2a37-2350-48de-b913-fff79265fc1a,262770,8587.65,23090.2,16297.9,2065.05,2970,151475,True,False,False,False,False,False,False,False,False,False,False,False,False,False,False,False,False,False,False,True,False,False,False,False,False,True,False
